"skills","Key","group","Plant doctors","Extension workers","Agri-dealer employees","Foundation","Practitioner","Advanced","level1","level2","level3","Description","Source","Mapped certification"
"Reduce illness risk from irrigation practices","WATER MANAGEMENT","Extension workers",0,1,0,0,1,1,,"Practitioner","Advanced"," Able to describe the risks of using untreated wastewater for irrigation (e.g. fecal- oral contamination). Is able to explain how certain (e.g. flood) irrigation practices can increase vector-borne disease. Is able to explain how concepts of community-managed Multiple Use Water Services (MUS) relate to gender equity. Able to describe preventive measures to reduce risk of associated illness (use of mosquito nets, etc.). Able to explore, with farmers, the incidence of diarrhea, malaria, etc. in a community. Able to link farmers to existing MUS where they exist, supports their development where not yet existent.","https://ingenaes.illinois.edu/wp-content/uploads/INGENAES-2017_08-Nutrition-and-Gender-in-Extension-Competency-Framework.pdf",
"Access reliable information","EXTENSION SERVICES","ALL (Plant doctors & Extension workers & Agri-dealer employees)",1,1,1,1,0,1,"Foundation",," Advanced","Able to evaluate the sources of information and only advise reliable information. Able to take decision based on reliability of the information and efficacy proved in the past. Able to evaluate the credibility of the information based on the reliable sources. Able to identify and use only accurate sources and channels of information, and are Able to make sure that farmers have heard and fully understood any information correctly that is advised to them.","https://www.fao.org/3/t0060e/T0060E05.htm",
"Accurately record data","RECORD MANAGEMENT","ALL (Plant doctors & Extension workers & Agri-dealer employees)",1,1,1,1,0,0,"Foundation",,,"Able to see value in data collection and management. Able to document important field information/ observations and maintain accurate records; Able to accurately record qualitative and quantitative data;Able to select and handle appropriate recording devices and tools to record the relevant required information;Able to summarize analyze and interpret data for reporting; ","http://ecoursesonline.iasri.res.in/Courses/Extension%20Methodologies%20for%20Transfer%20of%20ag.%20Tech/Data%20Files/lect08.html;  https://letstalkscience.ca/educational-resources/learning-strategies/recording-data",
"Achieve organization's mission","PROJECT MANAGEMENT","ALL (Plant doctors & Extension workers & Agri-dealer employees)",1,1,1,0,0,1,,,"Advanced",,,
"Actively listen","COMMUNICATION SKILLS","ALL (Plant doctors & Extension workers & Agri-dealer employees)",1,1,1,1,1,1,"Foundation"," Practitioner"," Advanced","Identify elements of active listening and use them. ",,
"Address cash shortages","AGRIBUSINESS ADMINISTRATION","Agri-dealer employees",0,0,1,0,0,1,,,"Advanced","Able to determine ways to raise money inside the business or from several sources either by collecting outstanding debts, increasing prices, borrowing money, negotiating better payment terms with suppliers and with customers, identifying any non-core business assets that can be sold for cash or using factoring or invoice discounting ","https://www.business.qld.gov.au/running-business/growing-business/responding-growth/cash-shortfalls",
"Address needs of the nutritionally vulnerable ","NUTRITION","Extension workers",0,1,0,0,1,1,,"Practitioner","Advanced","Able to describe how some groups of people, typically women, children, and disadvantaged groups, are more vulnerable to poor nutrition due to biological needs and socioeconomic reasons. Able to identify local groups of people who may be more vulnerable to poor nutrition. Able to demonstrate effective ways to dialogue with farmers about the nutritional needs of the vulnerable in their households. Able to facilitate farmers’ examination of opportunities to improve nutrition of vulnerable persons within a household. Able to demonstrate effective engagement of vulnerable through interactions with diverse farmers. Able to support the efforts of colleagues (health, education sector) working to improve nutrition and food security, as well as those working to dismantle systems leading to inequity","https://ingenaes.illinois.edu/wp-content/uploads/INGENAES-2017_08-Nutrition-and-Gender-in-Extension-Competency-Framework.pdf",
"Adjust to rapid changes/challenges","AGRIBUSINESS ADMINISTRATION","ALL (Plant doctors & Extension workers & Agri-dealer employees)",1,1,1,0,1,1,,"Practitioner","Advanced",,,
"Adopt appropriate pricing strategies","AGRICULTURAL MARKETING","Agri-dealer employees",0,0,1,1,0,0,"Foundation",,,"Able to use various pricing methods to properly allocate costs to products. The agrodealer can identify break-even points, scalculate costs and add a mark-up, set a price based on what the competition charges, set a price based on how much the customer believes what you’re selling is worth, set a high price and lowering it as the market evolves or setting a low price to enter a competitive market and raising it later","https://www.bdc.ca/en/articles-tools/marketing-sales-export/marketing/pricing-5-common-strategies",
"Advice on safe input use","ADVISORY SERVICES","ALL (Plant doctors & Extension workers & Agri-dealer employees)",1,1,1,1,1,1,"Foundation"," Practitioner"," Advanced","Able to advise based on IPM principles, Aware of Safe use of agrichemicals; Aware of safe disposal procedures for agrichemicals; Able to recommend keeping in mind pesticides laws and regulation","Farm safety and handling agrichemicals - Better Health Channel; https://www.hsa.ie/eng/Publications_and_Forms/Publications/Agriculture_and_Forestry/HSA_Farm_Safety_Chemicals.pdf; https://www.epa.gov/sites/default/files/2015-09/documents/ghscriteria-summary.pdf",
"Advocate for thoughtful location of livestock ","ADVISORY SERVICES","Extension workers",0,1,0,1,1,1,"Foundation","Practitioner","Advanced",,,
"Analyse agro-ecological zone","EXTENSION SERVICES","ALL (Plant doctors & Extension workers & Agri-dealer employees)",1,1,1,0,1,1,,"Practitioner"," Advanced",,,
"Analyse business opportunities","AGRIBUSINESS ADMINISTRATION","Agri-dealer employees",0,0,1,1,1,1,"Foundation"," Practitioner"," Advanced","Able to look for opportunities to improve and expand the business by researching your customers and competition, getting a high level view of the market and analyse business environment factors such as government regulations, technological developments, social and cultural norms etc ","https://blog.marketresearch.com/5-keys-to-conducting-a-market-opportunity-analysis",
"Analyse consumer preferences","AGRICULTURAL MARKETING","Extension workers & agri-dealer employees",0,1,1,0,1,0,,"Practitioner",,"Identify consumers' likes/dislikes, attitudes and behaviours toward commodities and factors influencing their choices ",,
"Analyse farmer context","EXTENSION SERVICES","Plant doctors & Extension workers",1,1,0,1,0,0,"Foundation",,,,,
"Analyse input demand","INPUT SUPPLY","ALL (Plant doctors & Extension workers & Agri-dealer employees)",1,1,1,1,0,0,"Foundation",,,,,
"Analyse nutrition's contribution to health ","NUTRITION","Extension workers",0,1,0,0,0,1,,,"Advanced"," Able to identify where poor nutrition is contributing to bad health outcomes in individuals, families & communities.  Able to propose improvements in nutrition which will lead to improved health outcomes. These outcomes may include “infant, child and maternal health, stronger immune systems, safer pregnancy and childbirth, lower risk of non-communicable diseases (such as diabetes and cardiovascular disease), and longevity"".","https://www.who.int/health-topics/nutrition",
"Analyse soil nutrients","CROP MANAGEMENT","ALL (Plant doctors & Extension workers & Agri-dealer employees)",1,1,1,0,1,1,,"Practitioner","Advanced",,,
"Analyse solution’s cost/benefits","AGRIBUSINESS ADMINISTRATION","ALL (Plant doctors & Extension workers & Agri-dealer employees)",1,1,1,1,1,1,"Foundation"," Practitioner"," Advanced",,,
"Analyze markets for nutrition value chains ","VALUE CHAIN DEVELOPMENT","Extension workers",0,1,0,0,1,1,,"Practitioner","Advanced","Able to conduct a step by step market analysis that includes: gathering data on consumer interest and demand for crop/product in question, assessing marketing structure and points for possible sale, exploring alternate marketing options. Able to assist Farmer Based Organizations and Marketing Associations in analyzing demand for highly nutritious crops and products, such as legumes, poultry and eggs, meat, fresh and processed vegetables and fruit, nuts, etc","https://ingenaes.illinois.edu/wp-content/uploads/INGENAES-2017_08-Nutrition-and-Gender-in-Extension-Competency-Framework.pdf",
"Apply adult learning principles","ADVISORY SERVICES","Extension workers",0,1,0,0,1,1,,"Practitioner","Advanced","Able to clearly state the purpose and objectives of your lesson or workshop, instruct through hands-on learning so that instruction is task-oriented instead of memorization-based, focus on application and on the quality of a few experiences, not on the quantity of information. Able to apply principles such as: Tell adults what you're about to tell them; Organize your material for presentation in a logical order; Resist the temptation to try to tell them everything; Understand what you want the adults to do with the information you are presenting; Know when to teach and when to learn; Help the adults transfer the concepts to their own lives","https://www.g-fras.org/en/training-ressources/item/1026-what-every-extension-worker-should-know-core-competency-handbook.html",
"Apply critical thinking","SOFT SKILLS","ALL (Plant doctors & Extension workers & Agri-dealer employees)",1,1,1,1,1,1,"Foundation"," Practitioner"," Advanced",,,
"Apply gender analysis integration principles","GENDER","Extension workers",0,1,0,0,1,1,,"Practitioner","Advanced","Able to identify and describe gendered roles and division of labor in a household, on the farm, in processing, marketing, and in the community at large and develop targeted interventions on how to improve production of various crops and livestock.","https://ingenaes.illinois.edu/wp-content/uploads/INGENAES-2017_08-Nutrition-and-Gender-in-Extension-Competency-Framework.pdf",
"Apply group dynamics principles","ADVISORY SERVICES","ALL (Plant doctors & Extension workers & Agri-dealer employees)",1,1,1,1,1,1,"Foundation"," Practitioner"," Advanced","Able to describe types and characteristics of groups: primary groups, secondary groups, planned groups and emergent groups that are characterized group interaction, interdependence, structure, size, norms, roles, group goals and cohesion. Able to facilitate group formation through forming (promoting inclusiveness, encouraging people to be connected to one another), storming (able to accept differing ideas, discuss those ideas in the groups, amicably handle the conflict that may arise, and examine and address biases), norming (able to demonstrate that the group processes are free and fair and that members feel welcomed, informed and involved), performing (encourage group members, celebrate group success, and empower members to learn new skills) and adjourning (facilitate the smooth transition of a group to either dissolve or move to a more advanced stage, depending on how members want the group go).","https://www.g-fras.org/en/training-ressources/item/1026-what-every-extension-worker-should-know-core-competency-handbook.html",
"Apply irrigation techniques","WATER MANAGEMENT","ALL (Plant doctors & Extension workers & Agri-dealer employees)",1,1,1,0,1,1,,"Practitioner"," Advanced","Able to advise farmers the best management practices for irrigation management;Knowledge of Improved Irrigation Technologies and irrigation sceduling methods and tools","https://www.wyoextension.org/werawater/region8/PDFs/bmps_colorado/xcm173.pdf",
"Apply leadership principles","RELATIONSHIP MANAGEMENT","Plant doctors & Extension workers",1,1,0,0,0,1,,,"Advanced",,,
"Apply nutrition-sensitive extension approaches ","NUTRITION","Extension workers",0,1,0,0,1,1,,"Practitioner","Advanced","Ensure extension methods integrate nutrition specific goals and actions in the household and community level","GFRAS_NELK+_M16_Nutrition_%20Manual.pdf",
"Apply youth inclusive approaches","ADVISORY SERVICES","ALL (Plant doctors & Extension workers & Agri-dealer employees)",1,1,1,1,1,1,"Foundation","Practitioner","Advanced",,,
"Appreciate gender differences","GENDER","ALL (Plant doctors & Extension workers & Agri-dealer employees)",1,1,1,1,1,1,"Foundation"," Practitioner"," Advanced",,,
"Assess weather parameters","EXTENSION SERVICES","ALL (Plant doctors & Extension workers & Agri-dealer employees)",1,1,1,1,0,0,"Foundation",,,,,
"Build networks","RELATIONSHIP MANAGEMENT","ALL (Plant doctors & Extension workers & Agri-dealer employees)",1,1,1,1,0,0,"Foundation",,,,,
"Build strategic partnerships","RELATIONSHIP MANAGEMENT","ALL (Plant doctors & Extension workers & Agri-dealer employees)",1,1,1,0,0,1,,,"Advanced",,,
"Calculate input ratios","EXTENSION SERVICES","ALL (Plant doctors & Extension workers & Agri-dealer employees)",1,1,1,0,1,1,,"Practitioner","Advanced",,,
"Calculate product costs","AGRICULTURAL MARKETING","ALL (Plant doctors & Extension workers & Agri-dealer employees)",1,1,1,1,0,0,"Foundation",,,,,
"Carefully display billboards and price tags","AGRICULTURAL MARKETING","Agri-dealer employees",0,0,1,1,1,1,"Foundation","Practitioner","Advanced","Able to strategically display promotional material to inform customers of products and their costs","https://agmark.org/services/#",
"Carry high turn-over stocks","STOCK MANAGEMENT","Agri-dealer employees",0,0,1,0,1,0,,"Practitioner",,"Able to stock and clearly display products that sell fast in a given period of time and determine their profit margin","https://agmark.org/services/#",
"Carry out financial planning","AGRIBUSINESS ADMINISTRATION","ALL (Plant doctors & Extension workers & Agri-dealer employees)",1,1,1,0,1,0,,"Practitioner",,,,
"Channels women’s needs to actors","GENDER","Plant doctors & Extension workers",1,1,0,1,1,1,"Foundation","Practitioner","Advanced","Is able to channel information about women’s needs to other actors involved in technology design, use, and dissemination by engaging in discussions with agricultural researchers, input suppliers, and/or technology designers about the needs of women farmers for input into new technologies. Is able to identify opportunities for improving women’s access to and use of agricultural technologies.  Is able to identify specific actions to ensure the design of agricultural technologies meets women’s needs. Is able to identify specific actions to ensure the design of agricultural technologies meets women’s needs. Is able to facilitate relationships between women farmers and credit institutions, input suppliers, and other technology service providers.","https://ingenaes.illinois.edu/wp-content/uploads/INGENAES-2017_08-Nutrition-and-Gender-in-Extension-Competency-Framework.pdf",
"Clearly display stock","STOCK MANAGEMENT","Agri-dealer employees",0,0,1,1,1,1,"Foundation"," Practitioner"," Advanced","Able to carefully design the shop layout taking into account visibilty and ease of reach of items, grouping similar items together, colour scheme that reflects natural light that brightens the premises","https://agmark.org/services/#",
"Collaborate to implement","RELATIONSHIP MANAGEMENT","Plant doctors & Extension workers",1,1,0,1,1,0,"Foundation"," Practitioner",,"Able to implement extension programs by coordinating activities and collaborating with development partners within their assigned area or communities by building teamwork, involving local stakeholders and negotiating when conflicts arise. ","https://www.g-fras.org/en/training-ressources/item/1026-what-every-extension-worker-should-know-core-competency-handbook.html",
"Communicate disease risks by specific livestock","ADVISORY SERVICES","Extension workers",0,1,0,0,1,1,,"Practitioner","Advanced","Is able to communicate the disease risks posed by specific livestock and practices in a given locale (if known), and promotes alternative actions and preventive measures. Is able to explain the interactions between livestock production, water quality, and infectious disease. Able to explain appropriate practices such as removal, storage of animal waste. Able to advocate for thoughtful location of livestock (e.g., removed from drinking water, children’s play areas).","https://ingenaes.illinois.edu/wp-content/uploads/INGENAES-2017_08-Nutrition-and-Gender-in-Extension-Competency-Framework.pdf",
"Communicate effectively","COMMUNICATION SKILLS","ALL (Plant doctors & Extension workers & Agri-dealer employees)",1,1,1,1,0,0,"Foundation",,,"Able to persuade people to change their methods of cultivation or adopt innovative practices or technologies. This is by effectively listening to what his/her audience says and use language and content that members of the target groups can understand","https://www.g-fras.org/en/training-ressources/item/1026-what-every-extension-worker-should-know-core-competency-handbook.html",
"Communicate effectively with community leaders","COMMUNICATION SKILLS","Plant doctors & Extension workers",1,1,0,1,1,1,"Foundation","Practitioner","Advanced","Positively interact with community leaders to enable them become skilled teachers in the community",,
"Conduct organization's meetings","PROJECT MANAGEMENT","ALL (Plant doctors & Extension workers & Agri-dealer employees)",1,1,1,0,1,1,,"Practitioner"," Advanced",,,
"Conduct basic gender analysis ","GENDER","Plant doctors & Extension workers",1,1,0,1,1,1,"Foundation","Practitioner","Advanced","Is able to apply principles for integrating gender analysis by identifying and describing gendered roles and division of labor in a household, on the farm, in processing, marketing, and in the community at large. Is able to identify and describe gender-based constraints related to the design, use, or dissemination of agricultural technologies.","https://ingenaes.illinois.edu/wp-content/uploads/INGENAES-2017_08-Nutrition-and-Gender-in-Extension-Competency-Framework.pdf",
"Conduct community forums","PARTICIPATORY APPROACHES","Extension workers",0,1,0,1,1,1,"Foundation","Practitioner","Advanced","Able to identify the specific needs of a community and find ways of addressing those needs through moderating and facilitiating discussions of community members that gather to deliberate issues and find solutions to the issues in a majority consensus manner","https://www.g-fras.org/en/training-ressources/item/1026-what-every-extension-worker-should-know-core-competency-handbook.html",
"Conduct field demonstrations","ADVISORY SERVICES","ALL (Plant doctors & Extension workers & Agri-dealer employees)",1,1,1,1,1,1,"Foundation"," Practitioner"," Advanced","Able to use practical on-farm teaching to show step by step how to carry out a practice or an activity, benefits of adopting a new practice or both. The trainer should foster farmer participation in simple, clear cut demonstrations in a conducive learning environment . Able to carefully plan the demonstration taking into account the objective of the demonstration, the suitability of the method and the usefulness of the new idea to be demonstrated, a convenient time/date for farmers to learn about the new idea and an appropriate venue/location for demonstration","https://www.g-fras.org/en/training-ressources/item/1026-what-every-extension-worker-should-know-core-competency-handbook.html",
"Conduct field visits","EXTENSION SERVICES","Plant doctors & Extension workers",1,1,0,1,1,0,"Foundation"," Practitioner",,"Able to conduct farm and home visits to either get acquainted and explain the basics of extension service, respond to some need expressed by a farm family, teach in a comfortable environment and build relationships with farmers, or to gather information and conduct needs assessment","https://www.g-fras.org/en/training-ressources/item/1026-what-every-extension-worker-should-know-core-competency-handbook.html",
"Conduct focus group discussions","ADVISORY SERVICES","ALL (Plant doctors & Extension workers & Agri-dealer employees)",1,1,1,1,0,0,"Foundation",,,"Able to facilitate discussions among a group of people often with some common background, interests, and goals focusing on an issue, product, or service to seek group members’ opinions, thoughts, and perceptions. Able to determine the purpose of the focus groups, develop a plan, identify the discussion questions and participants, guide discussions and prepare an analysis","https://www.g-fras.org/en/training-ressources/item/1026-what-every-extension-worker-should-know-core-competency-handbook.html",
"Conduct market analysis","AGRICULTURAL MARKETING","Agri-dealer employees",0,0,1,0,0,1,,,"Advanced","Able to research on market trends, competitors, customer preferences, demand, factors influencing the market, major challenges and opportunities and make decisions on realistic business opportunities in the market.","GFRAS NELK ehttps://www.g-fras.org/en/knowledge/new-extensionist-learning-kit-nelk.html#module-11-agricultural-entrepreneurshipntrepreneurship",
"Conduct needs assessment","MONITORING AND EVALUATION","Plant doctors & agri-dealer employees",1,0,1,0,1,0,,"Practitioner",,"Able to search out and identify needs and problems relevant to different stakeholders in a community, that establish gaps between where a community is and where they would like to be, in order to design innovations and programmings compatible with beneficiaries. Able to conduct a needs assessment by identifying a representative area of the section needs assessment is planned; planning the assessment by identifying who will help in the survey and visiting and speaking with farmers;  analysing and prioritizing problems using field observations and input from discussion; identifying problem causes and developpossible solutions with beneficiaries. ","https://www.g-fras.org/en/training-ressources/item/1026-what-every-extension-worker-should-know-core-competency-handbook.html",
"Conduct participant observations","MONITORING AND EVALUATION","Plant doctors & Extension workers",1,1,0,1,0,0,"Foundation",,,"Able to gather information about behavioral actions and reactions through direct observation, interviews with key informants and participation in the activities being evaluated. These participant observations can either be direct and indirect, or a combination of the two and entail preparation (Identify sources of information related to the study issue, slecting the observation site and assembling tools for observation), entering the venue and building rapport with participants (Inform participants of the study objectives, methods, its benefits and costs, and their voluntary participation in the study), beginning the observation (Focus only on those aspects of the activity pertinent to the topic being studied) and exiting the location (check the data and make sure they are complete and organized, and that you have a back-up copy, acknowledge all and save the contact details of participants).","https://www.g-fras.org/en/training-ressources/item/1026-what-every-extension-worker-should-know-core-competency-handbook.html",
"Conduct rural appraisals","PARTICIPATORY APPROACHES","Plant doctors & Extension workers",1,1,0,0,1,1,,"Practitioner"," Advanced","Able to conduct rapid rural appraisals (RRA) by incorporating the knowledge and opinions of rural people in the planning and management of development projects and programs through multiple data collection techniques that are quick, flexible, and adaptive. Able to conduct Participatory Rural Appraisal (PRA) to interact with the target beneficiaries, understanding their needs and interest and learning from them by identifying and mobilizing intended beneficiary groups and evoking their participation in decision making, design, execution and evaluation of a program / project.","https://www.g-fras.org/en/training-ressources/item/1026-what-every-extension-worker-should-know-core-competency-handbook.html",
"Conduct situational analysis","PROJECT MANAGEMENT","Extension workers",0,1,0,0,1,1,,"Practitioner","Advanced","Able to identify where the program is needed; who the program beneficiaries are; what strengths, weaknesses, opportunities and threats exist in the community; and what ancillary factors are necessary for the program’s success. The situation analysis may involve consultation with key informants and experts and the review of secondary data from census or previous reports and it involves needs assessment and prioritization.","https://www.g-fras.org/en/training-ressources/item/1026-what-every-extension-worker-should-know-core-competency-handbook.html",
"Conduct stakeholder analysis","PROJECT MANAGEMENT","Extension workers",0,1,0,0,1,1,,"Practitioner","Advanced","Able to identify relevant stakeholders and their interests, influence and impact on program design and implementation and outline a stakeholder participation strategy in order to capture multiple perspectives, promote team building and establish credibility. ","https://www.g-fras.org/en/training-ressources/item/1026-what-every-extension-worker-should-know-core-competency-handbook.html",
"Conduct surveys","MONITORING AND EVALUATION","Plant doctors & Extension workers",1,1,0,1,0,0,"Foundation",,,"Able to use appropriate survey tools to collect data on participants' knowledge, attitude, skills and adoption practices that entail deploying survey questionnaires which may be administered through mail, online/Internet, telephone and in person. Able to increase the benefit and decrease the cost of participation to respondents in surveys by providing essential information about the survey: its objectives, how to answer the questions, etc., showing positive regard to respondents, saying thank you, giving tangible rewards -- for example, gift vouchers, ice cream coupons, etc, making the questionnaire interesting,  making the survey convenient to respond to, avoid talking down to respondents, making the questionnaire short and simple and easy to complete, putting personal and sensitive information toward the end of the survey","https://www.g-fras.org/en/training-ressources/item/1026-what-every-extension-worker-should-know-core-competency-handbook.html",
"Connects content to be shared ","COMMUNICATION SKILLS","Plant doctors & Extension workers",1,1,0,1,1,1,"Foundation","Practitioner","Advanced","Connects content to be shared to community members’ experiences and needs. Describes a personal learning that was relevant and examined what made it so. Decide on concrete actions to connect key content to people’s personal needs and facilitates a community discussion connecting a key piece of content to an expressed community need in a way that includes broad community participation.","https://www.g-fras.org/en/training-ressources/item/1026-what-every-extension-worker-should-know-core-competency-handbook.html",
"Consult with experts","EXTENSION SERVICES","ALL (Plant doctors & Extension workers & Agri-dealer employees)",1,1,1,1,0,0,"Foundation",,,,,
"Correctly interpret records","RECORD MANAGEMENT","ALL (Plant doctors & Extension workers & Agri-dealer employees)",1,1,1,1,0,0,"Foundation",,,,,
"Create demand for products","AGRICULTURAL MARKETING","ALL (Plant doctors & Extension workers & Agri-dealer employees)",1,1,1,1,0,0,"Foundation",,,,,
"Deliver inputs timely","INPUT SUPPLY","Agri-dealer employees",0,0,1,1,1,0,"Foundation","Practitioner",,"Supply inputs whilst considering the season, time and arising circumstances",,
"Demonstrates respect","SOFT SKILLS","Plant doctors & Extension workers",1,1,0,1,1,1,"Foundation","Practitioner","Advanced","Able to define what respect looks like and practice specific actions of showing courtesy, politeness and kindness with men and women and commit to at least two specific actions to be mindful of in interactions with stakeholders.","https://ingenaes.illinois.edu/wp-content/uploads/INGENAES-2017_08-Nutrition-and-Gender-in-Extension-Competency-Framework.pdf",
"Describe nutrition actions for positive health ","NUTRITION","Extension workers",0,1,0,0,1,1,,"Practitioner","Advanced","Describe nutrition actions that lead to positive health outcomes. Motivate farming households and value chain actors to identify how nutrition affects them ",,
"Describe technology design gender issues ","GENDER","Extension workers",0,1,0,0,0,1,,,"Advanced","Is able to describe the key issues related to gender, extension and advisory services, and agricultural technologies through identifying gendered differences in production, access and control of resources including information and technology, participation in groups. Is able to identify the role of extension and advisory services in improving women’s access to and use of agricultural technologies. Is able to share information about different technologies to both men and women farmers and entrepreneurs. Is able to facilitate group discussions between men and women farmers and entrepreneurs about different technologies.","https://ingenaes.illinois.edu/wp-content/uploads/INGENAES-2017_08-Nutrition-and-Gender-in-Extension-Competency-Framework.pdf",
"Describe food & nutrition security relationship","NUTRITION","Extension workers",0,1,0,0,1,1,,"Practitioner","Advanced","Able to describe the relationship between seasonal food availability, fluctuations in income, food and nutrition security and health by explaining why food & nutrition security means consuming foods from all the food groups, all year round. Able to engage communities in planning for better food access to nutritious foods. Able to identify food groups likely to be unavailable at certain times in the year by utilizing seasonal calendars, and analyze and apply findings to address gaps. Able to facilitate farmers’ consideration of how food & nutrition security means consuming all the food groups, all year round. Able to develop a seasonal calendar with a farmer group, and a plan to address gaps. Able to serve as a conduit to information and needed inputs to support farmers in attaining year- round food & nutrition security.","https://ingenaes.illinois.edu/wp-content/uploads/INGENAES-2017_08-Nutrition-and-Gender-in-Extension-Competency-Framework.pdf",
"Design experiments","MONITORING AND EVALUATION","ALL (Plant doctors & Extension workers & Agri-dealer employees)",1,1,1,0,1,1,,"Practitioner"," Advanced",,,
"Design extension programmes","PROJECT MANAGEMENT","Plant doctors & Extension workers",1,1,0,1,0,0,"Foundation",,,,,
"Design marketing strategies","AGRICULTURAL MARKETING","Agri-dealer employees",0,0,1,0,0,1,,,"Advanced","Design approaches to win customers to your business by considering price, product, location and promotion",,
"Design solutions","MONITORING AND EVALUATION","ALL (Plant doctors & Extension workers & Agri-dealer employees)",1,1,1,0,0,1,,,"Advanced",,,
"Design survey instruments","MONITORING AND EVALUATION","Plant doctors & Extension workers",1,1,0,0,0,1,,,"Advanced","Able to design survey tools for data collection, research and monitoring and evaluation that have clear questions, simple and respondents are willing to respond to. Able to develop survey instruments that measure what is intended to measure and capture accurate measures of the concept of interest; and that also consistently measures what it is supposed to measure.","https://www.g-fras.org/en/training-ressources/item/1026-what-every-extension-worker-should-know-core-competency-handbook.html",
"Detect emerging pests","CROP DIAGNOSTICS","Plant doctors & Extension workers",1,1,0,1,0,0,"Foundation",,,,,
"Develop grant proposal","PROJECT MANAGEMENT","Extension workers",0,1,0,0,1,1,,"Practitioner","Advanced","Able to write a proposal explaining a problem or local needs, the reasons for those problems or needs, and  how these can be addressed through a special project supported with funding typically from outside your extension organization. The grant proposal should include a detailed plan for addressing the local problem or need,  goals and objectives, methods to achieve the objectives, work plan and the resources required.","https://www.g-fras.org/en/training-ressources/item/1026-what-every-extension-worker-should-know-core-competency-handbook.html",
"Develop work plan","PROJECT MANAGEMENT","Extension workers",0,1,1,0,1,1,,"Practitioner","Advanced","Able to develop detailed outline of activities, processes and timelines to attain extension goals that follow SMART (Specific, Measurable, Attainable, Realistic and Time-bound) principles. The principles should help you specify what you will do for whom. Expected outputs and outcomes should be measurable. The objectives should be attainable within the given time frame and resources. Objectives should be relevant and needs-based, and should serve the interests of the wider audience. Starting and end date/time of the project should be spelled out","https://www.g-fras.org/en/training-ressources/item/1026-what-every-extension-worker-should-know-core-competency-handbook.html",
"Diagnose plant problems","CROP DIAGNOSTICS","Plant doctors & Extension workers",1,1,0,1,1,1,"Foundation"," Practitioner"," Advanced",,,"Crop Pest Diagnosis"
"Educate on aggregating produce","CROP MANAGEMENT","ALL (Plant doctors & Extension workers & Agri-dealer employees)",1,1,1,0,1,0,,"Practitioner",,,,
"Encourage agricultural practices for WASH","WATER MANAGEMENT","Extension workers",0,1,0,1,1,1,"Foundation","Practitioner","Advanced","Able to explain the importance of adopting agricultural practices that reduce the risk of infection. Able to explain the contribution of infection and illness, and diarrhea in particular, to poor nutrition. Able to name specific practices that can contribute to improved health and nutrition.  Able to explain to peers, farmers, others how diarrhea and other relevant sicknesses can be avoided when appropriate agricultural, sanitation, and hygiene practices are followed (e.g. sanitary defecation, handwashing among agricultural laborers).",,"https://ingenaes.illinois.edu/wp-content/uploads/INGENAES-2017_08-Nutrition-and-Gender-in-Extension-Competency-Framework.pdf"
"Encourage teamwork and collaboration","RELATIONSHIP MANAGEMENT","ALL (Plant doctors & Extension workers & Agri-dealer employees)",1,1,1,1,0,0,"Foundation",,,,,
"Engage and retain youth","ADVISORY SERVICES","ALL (Plant doctors & Extension workers & Agri-dealer employees)",1,1,1,1,1,1,"Foundation"," Practitioner"," Advanced","Identify opportunities in encouraging youth participation in agriculture",,
"Establish & monitor organization's objectives","PROJECT MANAGEMENT","ALL (Plant doctors & Extension workers & Agri-dealer employees)",1,1,1,0,0,1,,,"Advanced",,,
"Establish a model village","PROJECT MANAGEMENT","Extension workers",0,1,0,0,1,1,,"Practitioner","Advanced","Able to set up and operationalize structures to develop a model village through stakeholder identification, identifying target villages, understanding situation through relevant data, institution building, implementation of action plans, monitoring and evaluation",,"https://www.g-fras.org/en/training-ressources/item/1026-what-every-extension-worker-should-know-core-competency-handbook.html"
"Estimate capital for nutrition value chains ","AGRICULTURAL MARKETING","Plant doctors & Extension workers",1,1,0,0,1,1,,"Practitioner","Advanced","Able to estimate capital required and return on investment for investments in nutrition-sensitive value chains by conducting a market analysis that analyses demand for nutrition rich products",,"https://ingenaes.illinois.edu/wp-content/uploads/INGENAES-2017_08-Nutrition-and-Gender-in-Extension-Competency-Framework.pdf"
"Explain agrochemical application practices","CHEMICAL USE","ALL (Plant doctors & Extension workers & Agri-dealer employees)",1,1,1,1,1,1,"Foundation","Practitioner","Advanced","Able to explain agrochemical preparation and application practices, timing of application, and consumption of treated produce. Able to explain meaning of product labeling. Able to delay field re-entry and consumption of treated products ",,"https://ingenaes.illinois.edu/wp-content/uploads/INGENAES-2017_08-Nutrition-and-Gender-in-Extension-Competency-Framework.pdf"
"Explain integrated pest management options","CHEMICAL USE","Plant doctors & Extension workers",1,1,0,1,1,1,"Foundation","Practitioner","Advanced","Able to explain the viable alternatives to spraying or agrochemical use, that is: the different types of agrochemical products and their safety classifications, which products are appropriate for what use, how to safely apply agrochemicals and why product contamination is important and why safety periods are required between application, handling and safe consumption. Able to disseminate IPM options for control of major pests (insects, weeds, pests and diseases). ",,"https://ingenaes.illinois.edu/wp-content/uploads/INGENAES-2017_08-Nutrition-and-Gender-in-Extension-Competency-Framework.pdf"
"Explain nutritional value of specific foods ","NUTRITION","Extension workers",0,1,0,1,1,1,"Foundation","Practitioner","Advanced","Able to explain the nutritional value of specific foods and food groups, and the importance of consuming a variety of foods. Able to explain the value of fresh produce to a diverse diet and list key micronutrients and describes specific contribution foods make to health, growth, etc. ",,"https://ingenaes.illinois.edu/wp-content/uploads/INGENAES-2017_08-Nutrition-and-Gender-in-Extension-Competency-Framework.pdf"
"Facilitate access to credit/input supply","INPUT SUPPLY","ALL (Plant doctors & Extension workers & Agri-dealer employees)",1,1,1,0,0,1,,,"Advanced",,,
"Facilitate change","SOFT SKILLS","Plant doctors & Extension workers",1,1,0,0,1,1,,"Practitioner"," Advanced",,,
"Facilitate meetings","SOFT SKILLS","Extension workers",0,1,0,1,1,1,"Foundation","Practitioner","Advanced","Able to conduct effective meetings by deciding on the goals and desired outcomes of the meeting, identifying participants, choosing an appropriate meeting time and venue. Able to set up and run the meeting by taking into account information that participants will share, how participants are involved in discussion and take part in activities with one another in the meeting; and the way participants and information are organized to attain the meeting goals. Able to handle difficult members in meetings by listening carefully to what participants say, try to understand what they mean, and address their concerns or issues in a timely fashion, staying in your role and follow the agenda and not being defensive.",,"https://www.g-fras.org/en/training-ressources/item/1026-what-every-extension-worker-should-know-core-competency-handbook.html"
"Forecast cash flow","AGRIBUSINESS ADMINISTRATION","ALL (Plant doctors & Extension workers & Agri-dealer employees)",1,1,1,0,1,1,,"Practitioner"," Advanced","Record expenses and income as they occur in the business",,
"Foster open communication environment","SOFT SKILLS","ALL (Plant doctors & Extension workers & Agri-dealer employees)",1,1,1,1,1,1,"Foundation"," Practitioner"," Advanced",,,
"Give good customer service","AGRICULTURAL MARKETING","ALL (Plant doctors & Extension workers & Agri-dealer employees)",1,1,1,1,0,0,"Foundation",,,,,
"Handle chemicals safely","CHEMICAL USE","ALL (Plant doctors & Extension workers & Agri-dealer employees)",1,1,1,1,0,0,"Foundation",,,"Able to advise on safe transport, storage, farm use and disposal of chemicals; Able to advise based on pesticide label restrictions ","https://www.betterhealth.vic.gov.au/health/healthyliving/farm-safety-and-handling-agrichemicals; https://extension.psu.edu/what-you-need-to-know-about-reading-a-pesticide-label",
"Handle complaints promptly","AGRICULTURAL MARKETING","Agri-dealer employees",0,0,1,1,1,1,"Foundation","Practitioner","Advanced","Sort out complaints on time without avoiding them",,
"Identifies community's power dynamics","PARTICIPATORY APPROACHES","Extension workers",0,1,0,0,1,1,,"Practitioner","Advanced","Is able to analyze who has power over, power with, power to and power within. Is able to distinguish between visible power and hidden power to ensure inclusive extension services are delivered. Is able to facilitate discussions about power with community to identify ways to improve extension programs.",,"https://ingenaes.illinois.edu/wp-content/uploads/INGENAES-2017_08-Nutrition-and-Gender-in-Extension-Competency-Framework.pdf"
"Identifies formal/ informal groups","PARTICIPATORY APPROACHES","Extension workers",0,1,0,1,1,1,"Foundation","Practitioner","Advanced","Is able to identify who are the group members, how they joined the groups and whether anyone is excluded. Able to identify which groups have written or unwritten rules and whether the groups limit membership to the elite, to men only, to certain castes and who can be leaders; negotiates with leaders of diverse groups to establish good working relationships that meet the needs of each party",,"https://ingenaes.illinois.edu/wp-content/uploads/INGENAES-2017_08-Nutrition-and-Gender-in-Extension-Competency-Framework.pdf"
"Identifies opportunities for women’s access to technologies ","GENDER","Plant doctors & Extension workers",1,1,0,0,1,1,,"Practitioner","Advanced","Able to identify specific actions to improve women’s access to and use of agricultural technologies by sharing information about different technologies to both men and women farmers and entrepreneurs and facilitating group discussions between men and women farmers and entrepreneurs about different technologies. ",,"https://ingenaes.illinois.edu/wp-content/uploads/INGENAES-2017_08-Nutrition-and-Gender-in-Extension-Competency-Framework.pdf"
"Identify and resolve basic problems","AGRIBUSINESS ADMINISTRATION","ALL (Plant doctors & Extension workers & Agri-dealer employees)",1,1,1,1,1,1,"Foundation"," Practitioner"," Advanced",,,
"Identify cultural implications in communication","EXTENSION SERVICES","Plant doctors & agri-dealer employees",1,0,1,0,1,0,,"Practitioner",,,,
"Identify different seed/fertilizer types","INPUT SUPPLY","ALL (Plant doctors & Extension workers & Agri-dealer employees)",1,1,1,1,1,1,"Foundation"," Practitioner"," Advanced",,,
"Identify diversity of foods ","NUTRITION","Extension workers",0,1,0,1,1,1,"Foundation","Practitioner","Advanced","Able to identify why and promote a diversity of foods that contribute to health and nutrition by naming  food groups (~6- 9 depending on local FBDG), and constituent local foods for each group. Able to describe specific contribution foods make to health, growth, etc. Able to explain the value of fresh produce to a diverse diet and list key micronutrients commonly found in fruits and vegetables. Able to recommend production practices that supports dietary diversity and nutrition needs of targeted population. Able to engage value chain actors to improve market pull and access to diverse foods",,"https://ingenaes.illinois.edu/wp-content/uploads/INGENAES-2017_08-Nutrition-and-Gender-in-Extension-Competency-Framework.pdf"
"Identify extension roles to improve technologies' access ","GENDER","Extension workers",0,1,0,0,1,1,,"Practitioner","Advanced","Identify the role of extension and advisory services in improving women’s access to and use of agricultural technologies. ",,
"Identify foods meeting nutrition needs","NUTRITION","Extension workers",0,1,0,0,1,1,,"Practitioner","Advanced","Able to identify fruits, crops, meat/fish that can be grown/raised in the local context that can meet specific nutrient deficiencies of targeted population using basic food groups related to dietary deficiencies and engage farmers in identifying foods for local production, linking them to meeting specific nutritional requirements.",,"https://ingenaes.illinois.edu/wp-content/uploads/INGENAES-2017_08-Nutrition-and-Gender-in-Extension-Competency-Framework.pdf"
"Identify markets for nutritious products  ","AGRICULTURAL MARKETING","Extension workers",0,1,0,0,1,1,,"Practitioner","Advanced","Able to identify marketing opportunities for nutritious products that will be affordable for many consumers . Able to analyze market opportunities for nutrition-sensitive value chains. Able to estimate capital required and return on investment for investments in nutrition-sensitive value chains. Able to conduct a step by step market analysis that includes gathering data on consumer interest and demand for crop/product in question, assessing marketing structure and points for possible sale and exploring alternate marketing options. Able to assist Farmer Based Organizations and Marketing Associations in analyzing demand for highly nutritious crops and products, such as legumes, poultry and eggs, meat, fresh and processed vegetables and fruit, nuts, etc. Able to promote marketing of products which can improve nutrition through diversified diets and increased consumption of nutrients commonly deficient in local diets",,"https://ingenaes.illinois.edu/wp-content/uploads/INGENAES-2017_08-Nutrition-and-Gender-in-Extension-Competency-Framework.pdf"
"Identify men/women's communication mechanisms ","COMMUNICATION SKILLS","Plant doctors & Extension workers",1,1,0,1,1,1,"Foundation","Practitioner","Advanced","Is able to identify communication mechanisms that will reach, be understood by, and be useful to both men and women farmers. Is able to describe why specific communication mechanisms may or may not be accessible and appropriate for men or women farmers in their area. Is able to identify strategies for adapting to differing levels of literacy, language fluency, access to technology, access to gender-specific “spaces"". Able to utilize communication mechanisms that benefit both men and women farmers and describe nutrition needs and concepts in ways that are relevant to farmers’ lived experience. ",,"https://ingenaes.illinois.edu/wp-content/uploads/INGENAES-2017_08-Nutrition-and-Gender-in-Extension-Competency-Framework.pdf"
"Identify men/women's value chain challenges ","GENDER","Extension workers",0,1,0,0,1,1,,"Practitioner","Advanced","Is able identify challenges facing women or men to participating in or benefiting from value chain development activities based on their different roles and responsibilities in value chains. Is able to identify and describe gender-based constraints at different nodes of the agricultural value chain, for example time- or mobility-related constraints, limited ownership or access to agricultural resources, limited participation in producer groups, etc. Is able to lead farmer groups in activities to understand differences in men and women members’ ability to participate in collective marketing. Is able to facilitate group discussions with men and women farmers and entrepreneurs about their knowledge of and participation in targeted value chain. Is able to facilitate interviews with men and women farmers and entrepreneurs about their knowledge of and participation in targeted value chain.",,"https://ingenaes.illinois.edu/wp-content/uploads/INGENAES-2017_08-Nutrition-and-Gender-in-Extension-Competency-Framework.pdf"
"Identify men/women's value chains opportunities ","GENDER","Extension workers",0,1,0,0,1,1,,"Practitioner","Advanced","Is able to identify opportunities for men and women farmers and entrepreneurs to participate within different agricultural value chains and in different positions. Is able to map actors and their roles along a value chain and provide information to both men and women farmers and rural entrepreneurs that enhance their abilities to join and participate in value chains. Is able to identify where men and women participate in different roles in a specific value chain.",,"https://ingenaes.illinois.edu/wp-content/uploads/INGENAES-2017_08-Nutrition-and-Gender-in-Extension-Competency-Framework.pdf"
"Identify problems","EXTENSION SERVICES","ALL (Plant doctors & Extension workers & Agri-dealer employees)",1,1,1,1,1,1,"Foundation"," Practitioner"," Advanced",,,
"Identify problems from wrong labor practices ","GENDER","Extension workers",0,1,0,1,1,1,"Foundation","Practitioner","Advanced","Able to identify health problems that result from inappropriate labor practices for perinatal & lactating women by describing the risks of having perinatal women (pregnancy and through 40 days postpartum) perform heavy labor (ex. prenatal: increased risk of premature labor and consequent risks to mother, baby; postpartum: risk of anemia)",,"https://ingenaes.illinois.edu/wp-content/uploads/INGENAES-2017_08-Nutrition-and-Gender-in-Extension-Competency-Framework.pdf"
"Identify purpose of working capital","AGRIBUSINESS ADMINISTRATION","Agri-dealer employees",0,0,1,1,1,1,"Foundation","Practitioner","Advanced","Determine how to breakdown capital for various uses to meet different business demands",,
"Identify seed production processes","INPUT SUPPLY","Agri-dealer employees",0,0,1,0,1,1,,"Practitioner"," Advanced","Describes stages and techniques used to produce viable seed from pre-planting to post harvest",,
"Identify sources of inputs","INPUT SUPPLY","ALL (Plant doctors & Extension workers & Agri-dealer employees)",1,1,1,0,1,0,,"Practitioner",,,,
"Identify symptoms","CROP DIAGNOSTICS","Plant doctors & Extension workers",1,1,0,1,1,1,"Foundation"," Practitioner"," Advanced",,,"Crop Pest Diagnosis"
"Identify types of business records","RECORD MANAGEMENT","ALL (Plant doctors & Extension workers & Agri-dealer employees)",1,1,1,1,0,0,"Foundation",,,"Able to identify different types of records for future references, keeping track of business transactions, filing of taxes and compiling final accounts. These records include Credit records, Debtors records, Production records, Cash book, Purchases records, Stock records, Assets records","https://www.oerafrica.org/FTPFolder/Agshare/Agribusiness/print/Module%203/M3L4_RecordKeeping.pdf",
"Identify viable business models","AGRIBUSINESS ADMINISTRATION","Agri-dealer employees",0,0,1,0,1,1,,"Practitioner","Advanced","Identify appropriate business patterns that create and maintain productive agribusinesses",,
"Identify where individuals fit in communities ","PARTICIPATORY APPROACHES","Extension workers",0,1,0,1,1,1,"Foundation","Practitioner","Advanced","Is able to identify and describe important aspects of identity such as gender, race, class and age. Is able to facilitate discussions with communities about inclusive extension programs ","https://ingenaes.illinois.edu/wp-content/uploads/INGENAES-2017_08-Nutrition-and-Gender-in-Extension-Competency-Framework.pdf",
"Implement extension campaigns","PROJECT MANAGEMENT","Plant doctors & Extension workers",1,1,0,1,1,0,"Foundation"," Practitioner",,"Able to organize and implement a strategically planned and problem-solving program aimed at increasing the awareness/knowledge level of a group of target beneficiaries, and changing their attitudes and/or behavior toward favorable adoption of a given idea, technology, product or practice. Implementing a campaign requires user to be able to identify the problem and assess the information and educational needs of the clients, design messages to send out and launch the campaign","https://www.g-fras.org/en/training-ressources/item/1026-what-every-extension-worker-should-know-core-competency-handbook.html",
"Implement extension service delivery","PROJECT MANAGEMENT","Plant doctors & Extension workers",1,1,0,0,0,1,,,"Advanced",,,
"Implement gender-transformative approaches","GENDER","Plant doctors & Extension workers",1,1,0,1,1,1,"Foundation","Practitioner","Advanced","Is able to identify and challenge underlying gender norms that inhibit women’s equitable participation and ability to benefit from agricultural activities. Is able to facilitate processes that encourage others to identify and challenge gender norms that negatively impact both men and women farmers. Is able to incorporate Gender Transformative Approaches into agricultural programming.","https://ingenaes.illinois.edu/wp-content/uploads/INGENAES-2017_08-Nutrition-and-Gender-in-Extension-Competency-Framework.pdf",
"Implement marketing activities","AGRICULTURAL MARKETING","Agri-dealer employees",0,0,1,0,1,1,,"Practitioner"," Advanced","Able to execute activities that enhance product development, promotion, sales and customer service",,
"Improve men/women's value chain participation","VALUE CHAIN DEVELOPMENT","Extension workers",0,1,0,1,1,1,"Foundation","Practitioner","Advanced","Able to promote opportunities for men and women farmers and entrepreneurs to improve participation in agricultural value chain through identifying specific actions to improve men’s and women’s participation, providing differentiated support to men and women farmers (when needed) in adopting new techniques to improve production in value chain, making market connections for targeted value chain, and connecting to input suppliers to improve production in specific value chains.","https://ingenaes.illinois.edu/wp-content/uploads/INGENAES-2017_08-Nutrition-and-Gender-in-Extension-Competency-Framework.pdf",
"Increase sales over time","AGRICULTURAL MARKETING","Agri-dealer employees",0,0,1,0,1,1,,"Practitioner"," Advanced","Use appropriate ways to boost business sales such as improve selling skills, treat customers ethically, improve promotion methods",,
"Initiate social networks","RELATIONSHIP MANAGEMENT","Plant doctors & agri-dealer employees",1,0,1,0,1,0,,"Practitioner",,,,
"Interpret current farmer pratices","EXTENSION SERVICES","Plant doctors & Extension workers",1,1,0,0,1,0,,"Practitioner",,,,
"Keep abreast with new ICTs","ADVISORY SERVICES","ALL (Plant doctors & Extension workers & Agri-dealer employees)",1,1,1,1,1,1,"Foundation","Practitioner","Advanced",,,
"Know product details","INPUT SUPPLY","ALL (Plant doctors & Extension workers & Agri-dealer employees)",1,1,1,1,1,1,"Foundation"," Practitioner"," Advanced","Able to describe what you sell, its quality and benefit to customers",,
"Link farmers to markets","VALUE CHAIN DEVELOPMENT","Plant doctors & Extension workers",1,1,0,1,1,1,"Foundation"," Practitioner"," Advanced",,,
"List customer requirements","AGRICULTURAL MARKETING","Agri-dealer employees",0,0,1,0,1,1,,"Practitioner"," Advanced","Find out about your customer, their tastes, needs and budget",,
"Lists farm products for dietary diversity","NUTRITION","Extension workers",0,1,0,1,1,1,"Foundation","Practitioner","Advanced","Able to provide examples of farm products (including cultivated and wild plants, animal-source foods, and fish) which contribute to improved dietary diversity, and are appropriate for the market context","https://ingenaes.illinois.edu/wp-content/uploads/INGENAES-2017_08-Nutrition-and-Gender-in-Extension-Competency-Framework.pdf",
"Maintain accurate records","RECORD MANAGEMENT","ALL (Plant doctors & Extension workers & Agri-dealer employees)",1,1,1,0,1,0,,"Practitioner",,,,
"Maintain appropriate stock levels","STOCK MANAGEMENT","Agri-dealer employees",0,0,1,0,1,0,,"Practitioner",,"Able to determine appropriate levels of stocking for different items driven by storage space, item's shelf-life, storage conditions required, market availability, stocking as much as isexpects to sell until the next purchase of stocks","https://agmark.org/services/#",
"Maintain clean business premises","AGRIBUSINESS ADMINISTRATION","Agri-dealer employees",0,0,1,1,0,0,"Foundation",,,"Able to keep the facilities and surrounding areas neat and clean to form lasting positive impression about the business","https://extension.tennessee.edu/publications/Documents/PB1711.pdf",
"Make business decisions","AGRIBUSINESS ADMINISTRATION","Agri-dealer employees",0,0,1,0,1,1,,"Practitioner"," Advanced",,,
"Make convincing presentations","COMMUNICATION SKILLS","ALL (Plant doctors & Extension workers & Agri-dealer employees)",1,1,1,1,0,0,"Foundation",,,"Able to deliver effective presentations by identifying your audience's interests and background, preparing the topic, message and how to convey it by use of verbal and non-verbal cues among others","https://www.g-fras.org/en/training-ressources/item/1026-what-every-extension-worker-should-know-core-competency-handbook.html",
"Manage creditors / debtors' records","RECORD MANAGEMENT","Agri-dealer employees",0,0,1,0,1,0,,"Practitioner",,"Able to accurately record information for each customer to whom credit is extended and repayment of credit by recording the date, details of what was exchanged, the amount of the transaction,
entered under “owed” or “paid,” as appropriate, and the running balance of credit owed or due. Able to record all money owed by your business to outside creditors, with a page for each creditor to help you make on time repayments to input supply companies for inputs received on credit.","https://agmark.org/services/#",
"Manage farmer relationship","RELATIONSHIP MANAGEMENT","ALL (Plant doctors & Extension workers & Agri-dealer employees)",1,1,1,1,1,1,"Foundation"," Practitioner"," Advanced",,,
"Manage groups / teamwork","RELATIONSHIP MANAGEMENT","Plant doctors & Extension workers",1,1,0,0,1,0,,"Practitioner",,"Able to identify status of the teams and use diverse strategies to nurture and strengthen teamwork through commitment to a common goal, mutual trust, communication with team members, members’ involvement and process orientation. Able to foster teamwork by starting with team goals and specific, measurable, attainable, realistic and time-bound (SMART) objectives, preparing an inventory of your team talent — members’ past work experiences, their operational skills, specialized knowledge and education, empowering the team to plan, budget and implement their plan, appreciate style differences, establish ground rules about how team will function and what roles members will have, prepare a project plan as well as a work plan, regularly conduct project reviews and check whether tasks are done as planned, hold team meetings regularly, among others.","https://www.g-fras.org/en/training-ressources/item/1026-what-every-extension-worker-should-know-core-competency-handbook.html",
"Manage nurseries","ADVISORY SERVICES","Extension workers & agri-dealer employees",0,1,1,1,1,1,"Foundation","Practitioner","Advanced",,,
"Manage relationship with clients","RELATIONSHIP MANAGEMENT","ALL (Plant doctors & Extension workers & Agri-dealer employees)",1,1,1,1,1,1,"Foundation","Practitioner","Advanced",,,
"Manage relationship with input suppliers","INPUT SUPPLY","ALL (Plant doctors & Extension workers & Agri-dealer employees)",1,1,1,0,0,1,,,"Advanced",,,
"Manage relationships with financial institutions","RELATIONSHIP MANAGEMENT","ALL (Plant doctors & Extension workers & Agri-dealer employees)",1,1,1,0,0,1,,,"Advanced",,,
"Manage relationships with government","RELATIONSHIP MANAGEMENT","ALL (Plant doctors & Extension workers & Agri-dealer employees)",1,1,1,0,0,1,,,"Advanced",,,
"Manage risks / uncertainties / change","AGRIBUSINESS ADMINISTRATION","ALL (Plant doctors & Extension workers & Agri-dealer employees)",1,1,1,0,1,1,,"Practitioner"," Advanced","Able to identify risks based on the exposure and vulnerability of individuals and the context they find themselves in, measure identified hazards in terms of their severity and likelihood and analyse major risks in order to take steps to decrease their likelihood and severity.","https://www.g-fras.org/en/knowledge/new-extensionist-learning-kit-nelk.html#thematic-2-risk-mitigation-and-adaptation-in-extension",
"Manage stock records","STOCK MANAGEMENT","Agri-dealer employees",0,0,1,1,0,0,"Foundation",,,,,
"Manage time","SOFT SKILLS","ALL (Plant doctors & Extension workers & Agri-dealer employees)",1,1,1,1,1,1,"Foundation"," Practitioner"," Advanced","Able to spend time to maximize productivity by planning and setting realistic goals, assessing how you spend time,  prioritizing tasks, breaking complex task to smaller ones, effectively, scheduling your tasks, maintain flexibility in work schedules and delgate tasks.","https://www.g-fras.org/en/training-ressources/item/1026-what-every-extension-worker-should-know-core-competency-handbook.html",
"Manage working capital","AGRIBUSINESS ADMINISTRATION","ALL (Plant doctors & Extension workers & Agri-dealer employees)",1,1,1,0,1,0,,"Practitioner",,"Handling and maintaining capital to sustain business operations",,
"Minimize post-harvest losses ","CROP MANAGEMENT","Extension workers",0,1,0,1,1,1,"Foundation","Practitioner","Advanced","Able to list, understand, describe, and discuss simple, low- cost techniques/ technologies that minimize post- harvest losses (e.g., cold boxes, picking times, washing). Describe the basic causes of post- harvest losses  during harvest, storage, and preparation at home, focusing on highly nutritious foods most vulnerable to food losses (e.g. fruits, vegetables, animal-source foods).. Able to analyze and evaluate techniques/technologies at home that are more appropriate for minimizing post-harvest losses. Able to apply techniques/ technologies that minimize post- harvest losses and maximize storability of foods. Demonstrate improved/new food preparation techniques to make a common dish (i.e. complementary food from steamed vegetable and fruit). Able to observe the implementation of practices (e.g., new storage, washing/handling, picking times, abundance/diversity of food) and discuss with household members (e.g., issues with implementation). Able to identify local resources to adapt/create techniques/ technologies aimed at reducing post-harvest losses.","https://ingenaes.illinois.edu/wp-content/uploads/INGENAES-2017_08-Nutrition-and-Gender-in-Extension-Competency-Framework.pdf",
"Mobilize farmers","EXTENSION SERVICES","ALL (Plant doctors & Extension workers & Agri-dealer employees)",1,1,1,1,0,0,"Foundation",,,,,
"Mobilize resources","AGRIBUSINESS ADMINISTRATION","ALL (Plant doctors & Extension workers & Agri-dealer employees)",1,1,1,1,1,1,"Foundation"," Practitioner"," Advanced","Able to develop a strategy to pool resources such as funds, public and private institutions, physical assets, individual skills, leadership skills and personal networks, from various sources and use them on the programs and beneficiaries that need them the most","https://www.g-fras.org/en/training-ressources/item/1026-what-every-extension-worker-should-know-core-competency-handbook.html",
"Monitor cash flows","AGRIBUSINESS ADMINISTRATION","Agri-dealer employees",0,0,1,0,1,1,,"Practitioner"," Advanced","Able to track cash coming into and going out of the business to better predict cash flow shortfalls (or surpluses) and organise debt finance by using a cash flow template to records total monthly cash inflow/outflow, net cash flow, opening and closing balance","https://www.business.qld.gov.au/running-business/finances-cash-flow/managing-money/managing-cash-flow/monitor-cash-flow",
"Monitor performance / progress","MONITORING AND EVALUATION","ALL (Plant doctors & Extension workers & Agri-dealer employees)",1,1,1,0,1,1,,"Practitioner"," Advanced","Able to track key indicators of progress over the course of a program and track resources (e.g., funds, personnel and supplies) and processes (e.g., occurrence of meetings, number of participants, demonstrations and publications). ","https://www.g-fras.org/en/training-ressources/item/1026-what-every-extension-worker-should-know-core-competency-handbook.html",
"Monitor stock turnover","STOCK MANAGEMENT","Agri-dealer employees",0,0,1,1,1,1,"Foundation"," Practitioner"," Advanced","Able to track how much is expected to sell until purchase of next stock and consider fluctuations due to seasonality demand of items and able to subtract remaining stock from the previous period's sale to determine amount to restock.","agmark",
"Operate agricultural machinery","ADVISORY SERVICES","ALL (Plant doctors & Extension workers & Agri-dealer employees)",1,1,1,0,1,0,,"Practitioner",,"Able to efficiently operate agricultural machinery by reading and complying with the manuals, dressing appropriately, avoiding alcohol and ensuring you are well rested, mainatain awareness of what you are doing, keeing children and animals away from working areas and adjusting equipment accordingly","https://www.ruralmutual.com/resource/farm-safety/farm-machinery/10-safety-tips-remember-farm-equipment-uses/",
"Operate in transparency/ accountability","SOFT SKILLS","ALL (Plant doctors & Extension workers & Agri-dealer employees)",1,1,1,0,1,0,,"Practitioner",,,,
"Organize farmer field schools","ADVISORY SERVICES","Plant doctors & Extension workers",1,1,0,1,1,1,"Foundation"," Practitioner"," Advanced","Able to use field schools to aid farmers learn by doing within their own environment by identifying topics, site and participants and by training facilitators. Able to establish and run farmer field schools by identifying enterprise for which FFS is established, follow the seasonal cycle of the practice being investigated, implement enterprise, collect data at every stage of the enterprise, present observations by farmers, discuss using group dynamics approaches such as field days.","https://www.g-fras.org/en/training-ressources/item/1026-what-every-extension-worker-should-know-core-competency-handbook.html",
"Organize field days","EXTENSION SERVICES","ALL (Plant doctors & Extension workers & Agri-dealer employees)",1,1,1,1,0,0,"Foundation",,,"Able to organize informal daylong events where farmers showcase new agricultural practices, technologies and products adopted; while considering the program, price, place, people to attend and how to promote the field day. ","https://www.g-fras.org/en/training-ressources/item/1026-what-every-extension-worker-should-know-core-competency-handbook.html",
"Orient farmer-based organizations ","PARTICIPATORY APPROACHES","Extension workers",0,1,0,0,1,1,,"Practitioner","Advanced","Able to orient farmer-based organizations to be member-oriented. Is able to develop examples of how Farmer Based Organizations can be structured and operate to respond to member needs.Is able to describe the importance of and challenges with delivering gender-responsive services. Is able to work with members and/or leaders of associations to structure information gathering and design of service delivery mechanisms.","https://ingenaes.illinois.edu/wp-content/uploads/INGENAES-2017_08-Nutrition-and-Gender-in-Extension-Competency-Framework.pdf",
"Persuade for change","SOFT SKILLS","ALL (Plant doctors & Extension workers & Agri-dealer employees)",1,1,1,1,1,1,"Foundation"," Practitioner"," Advanced","Able to influence habits and behaviours by communicating a compelling need for change, getting people involved in proposing and making changes and committing to the change yourself in action, whilst expecting it to take time.","https://www.processexcellencenetwork.com/organizational-change/articles/5-ways-to-convince-people-change-is-good-or-at-lea",
"Plans access to nutritious foods ","NUTRITION","Extension workers",0,1,0,0,1,1,,"Practitioner","Advanced","Able to engage communities in planning for better food access to nutritious foods. This can be done through developing a seasonal calendar with a farmer group, and a plan to address gaps or/and serve as a conduit to information and needed inputs to support farmers in attaining year- round food & nutrition security.","https://ingenaes.illinois.edu/wp-content/uploads/INGENAES-2017_08-Nutrition-and-Gender-in-Extension-Competency-Framework.pdf",
"Prioritize needs / problems","SOFT SKILLS","Plant doctors & Extension workers",1,1,0,0,0,1,,,"Advanced","Able to work with participants to ascribe importance to each need by using various prioritizing methods and put them in descending or ascending order of importance. Importance of a need can be determined by mission relatedness, urgency, size of the gap and number of people affected. Able to determine feasibility of meeting the need by considering factors such as season, resources required, political will, acceptability, perception of feasibility .","https://www.g-fras.org/en/training-ressources/item/1026-what-every-extension-worker-should-know-core-competency-handbook.html",
"Promote alternatives on gender-related tasks ","GENDER","Extension workers",0,1,0,0,1,1,,"Practitioner","Advanced","Able to promote alternative activities and practices based on biological limitations and gender-related tasks. These alternatives can include distributions of labor that allow perinatal women to rest or do lighter work, gender- responsive technologies that reduce workload.. Able to also evaluate local practices related to postpartum rest and encourages women, labor managers to observe these practices as well as leading farmer groups in activities that explore distribution of labor.","https://ingenaes.illinois.edu/wp-content/uploads/INGENAES-2017_08-Nutrition-and-Gender-in-Extension-Competency-Framework.pdf",
"Promote diversity of foods ","NUTRITION","Extension workers",0,1,0,1,1,1,"Foundation","Practitioner","Advanced","Able to promote a diversity of foods that contribute to health and nutrition through engaging value chain actors to improve market pull and access to diverse foods and recommending production practices that supports dietary diversity and nutrition needs of targeted population ","https://ingenaes.illinois.edu/wp-content/uploads/INGENAES-2017_08-Nutrition-and-Gender-in-Extension-Competency-Framework.pdf",
"Promote farm entrepreneurship","VALUE CHAIN DEVELOPMENT","ALL (Plant doctors & Extension workers & Agri-dealer employees)",1,1,1,0,1,0,,"Practitioner",,"Able to help farmers develop the skills and spirit of an entrepreneur by facilitating extension trainings to create opportunities for farmers  to explore new ideas or different ways of doing things and to broaden their perspective","https://www.fao.org/3/i3231e/i3231e.pdf",
"Promote mechanisms to benefit from value chains ","VALUE CHAIN DEVELOPMENT","Extension workers",0,1,0,0,1,1,,"Practitioner","Advanced","Is able to promote mechanisms for men and women to benefit from agricultural value chains by listing specific actions to improve how men and women benefit from agricultural value chains. Is able to provide information to both men and women farmers and rural entrepreneurs that enhance their abilities to benefit from targeted agricultural value chains, e.g., labor saving technologies, market linkages, credit facilities, access to improved inputs. Is able to provide information to men and women farmers about how to manage contracts, credit opportunities, and different mechanisms for receiving payments. Is able to Provide information to men and women farmers about inclusive household budgeting techniques.","https://ingenaes.illinois.edu/wp-content/uploads/INGENAES-2017_08-Nutrition-and-Gender-in-Extension-Competency-Framework.pdf",
"Promote practices that improve soil health","CROP MANAGEMENT","Extension workers",0,1,0,1,1,1,"Foundation","Practitioner","Advanced","Able to describe practices that contribute to good quality soil for example: intercropping, crop rotation, applying organic materials, using limited tillage methods and describes characteristics of good quality soil . Able to Illustrate connections between soil health, crop nutrient content, and human and livestock health. Able to demonstrate how to implement key practices that improve soil quality that include intercropping, composting, crop rotation and minimum tillage","https://ingenaes.illinois.edu/wp-content/uploads/INGENAES-2017_08-Nutrition-and-Gender-in-Extension-Competency-Framework.pdf",
"Promotes gender-responsive meetings ","GENDER","Extension workers",0,1,0,1,1,1,"Foundation","Practitioner","Advanced","Is able to explain when gender responsive meetings ought to be held, where, what time, who is invited and how the announcements are made. Is able to identify ways to encourage participation and leadership by those who normally are absent or silent, and is able to explain why attending a meeting is not the same as participating and being a leader.","https://ingenaes.illinois.edu/wp-content/uploads/INGENAES-2017_08-Nutrition-and-Gender-in-Extension-Competency-Framework.pdf",
"Promotes participants' safety","SOFT SKILLS","Plant doctors & Extension workers",1,1,0,1,1,1,"Foundation","Practitioner","Advanced","Able to explain why safety is important and who is likely to feel unsafe in community interactions and why. Is able to identify and practice ways to help fearful community members participate in discussions.","https://ingenaes.illinois.edu/wp-content/uploads/INGENAES-2017_08-Nutrition-and-Gender-in-Extension-Competency-Framework.pdf",
"Properly store inputs / stock","STOCK MANAGEMENT","Agri-dealer employees",0,0,1,1,0,0,"Foundation",,,"Able to identify and use appropriate storage techniques for particular stocks  such as keeping chemical apart from other items to avoid contamination, adulteration or any hazards, storing according to manufacturer's specifications, fertilizer should be stored on pallets off the floor to avoid getting damp and going hard and items should be stored so as not to cause any damage to them","agmark",
"Properly use PPEs","CHEMICAL USE","Plant doctors & Extension workers",1,1,0,1,1,1,"Foundation","Practitioner","Advanced",,,
"Provide market information","VALUE CHAIN DEVELOPMENT","ALL (Plant doctors & Extension workers & Agri-dealer employees)",1,1,1,1,0,0,"Foundation",,,,,
"Provides frequent and substantive praise","SOFT SKILLS","Plant doctors & Extension workers",1,1,0,1,1,1,"Foundation","Practitioner","Advanced","Is able to explain the importance of receiving affirmation in work and life. Is able to keep note of using substantive affirmation and the results. Is able to share results of providing praise with colleagues. ","https://ingenaes.illinois.edu/wp-content/uploads/INGENAES-2017_08-Nutrition-and-Gender-in-Extension-Competency-Framework.pdf",
"Receive criticism and suggestions","RELATIONSHIP MANAGEMENT","ALL (Plant doctors & Extension workers & Agri-dealer employees)",1,1,1,1,0,0,"Foundation",,,,,
"Recognize others' contributions","RELATIONSHIP MANAGEMENT","ALL (Plant doctors & Extension workers & Agri-dealer employees)",1,1,1,1,1,1,"Foundation"," Practitioner"," Advanced",,,
"Recognizes importance of access to safe water ","WATER MANAGEMENT","Extension workers",0,1,0,1,1,1,"Foundation","Practitioner","Advanced","Able to recognize the importance of access to safe, accessible, and adequate water for both domestic and agricultural purposes and its contribution to promoting health and reducing risk of illnesses arising from contaminated water use","https://ingenaes.illinois.edu/wp-content/uploads/INGENAES-2017_08-Nutrition-and-Gender-in-Extension-Competency-Framework.pdf",
"Recommend good farming practices","CROP MANAGEMENT","ALL (Plant doctors & Extension workers & Agri-dealer employees)",1,1,1,1,1,1,"Foundation"," Practitioner"," Advanced","Able to provide Good Agricultural Practices guidelines for farmers to maximise potential yield, reduce the risk of crop loss as a result of pests and diseases, preserve quality and shelf-life of produce post-harvest and minimize microbial contamination related to food borne illnesses on their farms.","https://extension.umn.edu/growing-safe-food/good-agricultural-practices-basics",
"Recommend pest management approaches","CROP MANAGEMENT","ALL (Plant doctors & Extension workers & Agri-dealer employees)",1,1,1,1,1,1,"Foundation"," Practitioner"," Advanced","Able to recommend effective and environmentally sensitive approaches to pest management that rely on a combination of practices. The approach includes, setting a point at which pest populations or environmental conditions indicate that pest control action must be taken, monitor and identify pests, using preventive and proper control methods ","https://www.epa.gov/safepestcontrol/integrated-pest-management-ipm-principles","Crop pest management"
"Recommend pesticides","CHEMICAL USE","ALL (Plant doctors & Extension workers & Agri-dealer employees)",1,1,1,1,1,1,"Foundation"," Practitioner"," Advanced",,,
"Recommend seeds and fertilizers","CROP MANAGEMENT","ALL (Plant doctors & Extension workers & Agri-dealer employees)",1,1,1,1,0,0,"Foundation",,,,,
"Recommend soil management approaches","CROP MANAGEMENT","Plant doctors & Extension workers",1,1,0,1,1,0,"Foundation"," Practitioner",,,,
"Recommend value addition options","VALUE CHAIN DEVELOPMENT","Plant doctors & Extension workers",1,1,0,0,1,0,,"Practitioner",,,,
"Regularly reconcile records","RECORD MANAGEMENT","ALL (Plant doctors & Extension workers & Agri-dealer employees)",1,1,1,1,0,0,"Foundation",,,,,
"Reinforce Essential Hygiene Actions (EHA)","WATER MANAGEMENT","Extension workers",0,1,0,0,1,1,,"Practitioner","Advanced","Able to reinforce “Essential Hygiene Actions” (EHA), paying particular attention to interactions between agriculture, hygiene and health, and nutrition. These actions include keeping the environment clean; hand washing with soap at critical points: before preparing, eating food; after using latrine; after interacting with animals, manure and keeping food, water and storage containers clean. Able to explain the connections between the EHA and agricultural activities. Able to Discuss open defecation, handwashing, access to clean drinking water in clean containers while in the field, and other - potentially taboo - topics with farmers. Able to support farmers in identifying, adopting improved practices.
Able to collaborate, where available, with WASH/Health sector colleagues in training, establishing handwashing stations in the field.","https://ingenaes.illinois.edu/wp-content/uploads/INGENAES-2017_08-Nutrition-and-Gender-in-Extension-Competency-Framework.pdf",
"Respond to changing organization","PROJECT MANAGEMENT","Plant doctors & Extension workers",1,1,0,0,0,1,,,"Advanced",,,
"Run a plant clinic","CROP DIAGNOSTICS","Plant doctors",1,0,0,1,1,1,"Foundation"," Practitioner"," Advanced",,,
"Safely transport inputs","INPUT SUPPLY","ALL (Plant doctors & Extension workers & Agri-dealer employees)",1,1,1,1,0,0,"Foundation",,,,,
"Sample plants","CROP DIAGNOSTICS","Plant doctors & Extension workers",1,1,0,1,0,0,"Foundation",,,,,
"Seek learning opportunities","SOFT SKILLS","ALL (Plant doctors & Extension workers & Agri-dealer employees)",1,1,1,1,1,1,"Foundation"," Practitioner"," Advanced",,,
"Select training methods","EXTENSION SERVICES","Plant doctors & Extension workers",1,1,0,0,1,0,,"Practitioner",,"Able to plan specific ways or methods by which you can maximize the program’s impact given the human, material, services and instructional resources available. In consultation with stakeholders, you should be able to select the most effective method or combination of methods to reach and teach your audience while keeping the cost within your budget by considering the kind of educational activities and instructional resources appropriate for the content you plan to deliver to your audience.","https://www.g-fras.org/en/training-ressources/item/1026-what-every-extension-worker-should-know-core-competency-handbook.html",
"Sensitized to people's different nutrition needs","NUTRITION","Extension workers",0,1,0,0,1,1,,"Practitioner","Advanced","Able to explain how nutrition requirements vary across the life course, and by physical state (e.g. pregnancy, lactation, sickness). Able to initiate dialogue about unique nutritional needs when interacting with households with potentially vulnerable members (such as pregnant and/or lactating women, infants, and young children, HIV+ members)","https://ingenaes.illinois.edu/wp-content/uploads/INGENAES-2017_08-Nutrition-and-Gender-in-Extension-Competency-Framework.pdf",
"Set personal goals","SOFT SKILLS","ALL (Plant doctors & Extension workers & Agri-dealer employees)",1,1,1,1,1,1,"Foundation"," Practitioner"," Advanced",,,
"Supply quality inputs","INPUT SUPPLY","Agri-dealer employees",0,0,1,0,1,0,,"Practitioner",,,,
"Support value chain development","VALUE CHAIN DEVELOPMENT","Extension workers & agri-dealer employees",0,1,1,0,0,1,,,"Advanced",,,
"Supports FBO's responsivenes to women/men’s needs ","PARTICIPATORY APPROACHES","Extension workers",0,1,0,0,1,1,,"Practitioner","Advanced","Is able to identify ways farmer-based organizations (FBOs) can be responsive to women’s and men’s needs. Can explain options for structuring by-laws, rules, and organizational principles to support inclusion and equity. Can describe the importance of inclusion and equity for effective groups and demonstrate how to structure inclusive and equitable by-laws and other formal rules. Is able to work with members and/or leaders of associations to develop inclusive and equitable by-laws, etc.","https://ingenaes.illinois.edu/wp-content/uploads/INGENAES-2017_08-Nutrition-and-Gender-in-Extension-Competency-Framework.pdf",
"Tailors information to different target groups ","GENDER","Plant doctors & Extension workers",1,1,0,0,1,1,,"Practitioner","Advanced","Is able to tailor information about how to access and use different technologies to men and women based on men’s and women’s different roles and responsibilities in the value chain. Is able to work with men and women farmers and entrepreneurs to match available technologies with identified and preferences.","https://ingenaes.illinois.edu/wp-content/uploads/INGENAES-2017_08-Nutrition-and-Gender-in-Extension-Competency-Framework.pdf",
"Treat customers ethically","AGRICULTURAL MARKETING","Agri-dealer employees",0,0,1,1,1,1,"Foundation"," Practitioner"," Advanced","Able to handle customers in an honest and transparent manner without criticism or arguments, and rapidly and effectively respond to customer needs and questions","https://www.g-fras.org/en/knowledge/new-extensionist-learning-kit-nelk.html#module-11-agricultural-entrepreneurship",
"Undertake basic safety checks","EXTENSION SERVICES","ALL (Plant doctors & Extension workers & Agri-dealer employees)",1,1,1,1,1,1,"Foundation"," Practitioner"," Advanced",,,
"Use appropriate ICTs","ADVISORY SERVICES","Plant doctors & Extension workers",1,1,0,1,1,1,"Foundation"," Practitioner"," Advanced","Able to identify different Information and communication technologies (ICTs) such as mobile phones, Internet, social media, radio and television, when and how appropriately to use them. In using ICTs, a user should be able to identify the use of local ICT policy, status of rural connectivity of ICTs, user fees if any, existing communication channels and sources. ","https://www.g-fras.org/en/training-ressources/item/1026-what-every-extension-worker-should-know-core-competency-handbook.html",
"Use gender sensitive approaches","GENDER","ALL (Plant doctors & Extension workers & Agri-dealer employees)",1,1,1,1,0,0,"Foundation",,,,,
"Use records to meet expenses","RECORD MANAGEMENT","Agri-dealer employees",0,0,1,1,1,1,"Foundation"," Practitioner"," Advanced","Able to use records to monitor transactions, determine repayment to suppliers, creditors and meet and control business operation expenses","agmark",
"Write evaluation reports","MONITORING AND EVALUATION","Plant doctors & Extension workers",1,1,0,0,1,1,,"Practitioner"," Advanced","Able to write good evaluation report that has all the details about the what, when, where, who, why and how of evaluation, that contains four sections namely: the introduction, methods section, results and conclusions/recommendations","https://www.g-fras.org/en/training-ressources/item/1026-what-every-extension-worker-should-know-core-competency-handbook.html",
"Write field reports","EXTENSION SERVICES","Plant doctors & Extension workers",1,1,0,0,1,0,,"Practitioner",,"Able to write field documents that are concise, well-structured and free from grammatical errors, to report activities to supervisors and other stakeholders. This is done by maintaining a diary to note key tasks completed, thinking about basic points that will go into the report, developing the content and structuring it to describe the process  and methods the program followed.","https://www.g-fras.org/en/training-ressources/item/1026-what-every-extension-worker-should-know-core-competency-handbook.html",
"Write for media","COMMUNICATION SKILLS","Plant doctors & Extension workers",1,1,0,0,0,1,,,"Advanced","Able to disseminate information such as best practices, innovations, new tools developed, lessons learnt etc through media channels like newspapers by following effective communication principles that include using simple language, objectivity, writing concisely etc.","https://www.g-fras.org/en/training-ressources/item/1026-what-every-extension-worker-should-know-core-competency-handbook.html",
"Manage relationships with the media","COMMUNICATION SKILLS","Plant doctors & Extension workers",1,1,0,0,1,1,,"Practitioner","Advanced",,,
"Manage conflict","SOFT SKILLS","ALL (Plant doctors & Extension workers & Agri-dealer employees)",1,1,1,1,1,1,"Foundation","Practitioner","Advanced","Able to acknowledge that conflicts exists and address it immediately. Able to  identify the real issue and use multiple approaches to resolve conflicts such as listening to others, avoiding confrontation,  reflecting on other people's point to understand them correctly, allowing both parties express themselves, compromise, directly confront feelings and argue productively.","https://www.g-fras.org/en/training-ressources/item/1026-what-every-extension-worker-should-know-core-competency-handbook.html",
